GROUP,PACKAGE,CLASS,INSTRUCTION_MISSED,INSTRUCTION_COVERED,BRANCH_MISSED,BRANCH_COVERED,LINE_MISSED,LINE_COVERED,COMPLEXITY_MISSED,COMPLEXITY_COVERED,METHOD_MISSED,METHOD_COVERED
core,com.revature.dao,AccountsOracle,236,0,16,0,70,0,13,0,5,0
core,com.revature.dao,UsersOracle,121,79,9,3,31,24,9,3,3,3
core,com.revature.models,User,172,15,26,0,45,6,26,1,13,1
core,com.revature.models,Account,99,0,12,0,33,0,15,0,9,0
core,com.revature.bankApp,BankApplication,129,0,6,0,38,0,9,0,6,0
core,com.revature.bankApp,ConnectionUtil,21,47,1,1,7,15,2,1,1,1
core,com.revature.services,UsersService,3,19,1,1,1,6,2,4,1,4
core,com.revature.services,AccountsServices,22,0,2,0,8,0,6,0,5,0
core,com.revature.exceptions,UsernameAlreadyExistsException,4,0,0,0,2,0,1,0,1,0
